,Tcond,M_bar,Rjb,eps_bar,Vs30,outputDir,outputFile,code,hazard_level
0,0.75,6.247858,45.136467,-0.3565718,260.0,extra/structural_analysis/results/site_hazard/smrf_3_ii/,required_records_hz_1.txt,smrf_3_ii,1
1,0.75,6.601211,28.22232,0.0051185405,260.0,extra/structural_analysis/results/site_hazard/smrf_3_ii/,required_records_hz_2.txt,smrf_3_ii,2
2,0.75,6.782385,21.991953,0.22856997,260.0,extra/structural_analysis/results/site_hazard/smrf_3_ii/,required_records_hz_3.txt,smrf_3_ii,3
3,0.75,6.890027,18.211988,0.38277256,260.0,extra/structural_analysis/results/site_hazard/smrf_3_ii/,required_records_hz_4.txt,smrf_3_ii,4
4,0.75,6.9627876,15.372036,0.5128593,260.0,extra/structural_analysis/results/site_hazard/smrf_3_ii/,required_records_hz_5.txt,smrf_3_ii,5
5,0.75,7.009892,13.321918,0.62350655,260.0,extra/structural_analysis/results/site_hazard/smrf_3_ii/,required_records_hz_6.txt,smrf_3_ii,6
6,0.75,7.0471525,11.54277,0.740758,260.0,extra/structural_analysis/results/site_hazard/smrf_3_ii/,required_records_hz_7.txt,smrf_3_ii,7
7,0.75,7.0727534,10.22772,0.8480374,260.0,extra/structural_analysis/results/site_hazard/smrf_3_ii/,required_records_hz_8.txt,smrf_3_ii,8
8,0.75,7.090749,9.257493,0.94404024,260.0,extra/structural_analysis/results/site_hazard/smrf_3_ii/,required_records_hz_9.txt,smrf_3_ii,9
9,0.75,7.1066875,8.36997,1.0496627,260.0,extra/structural_analysis/results/site_hazard/smrf_3_ii/,required_records_hz_10.txt,smrf_3_ii,10
10,0.75,7.1179605,7.7302175,1.1401514,260.0,extra/structural_analysis/results/site_hazard/smrf_3_ii/,required_records_hz_11.txt,smrf_3_ii,11
11,0.75,7.127195,7.2020497,1.2268682,260.0,extra/structural_analysis/results/site_hazard/smrf_3_ii/,required_records_hz_12.txt,smrf_3_ii,12
12,0.75,7.136213,6.6862597,1.325154,260.0,extra/structural_analysis/results/site_hazard/smrf_3_ii/,required_records_hz_13.txt,smrf_3_ii,13
13,0.75,7.1422005,6.3457866,1.3993614,260.0,extra/structural_analysis/results/site_hazard/smrf_3_ii/,required_records_hz_14.txt,smrf_3_ii,14
14,0.75,7.147895,6.0249395,1.477768,260.0,extra/structural_analysis/results/site_hazard/smrf_3_ii/,required_records_hz_15.txt,smrf_3_ii,15
15,0.75,7.153868,5.6929297,1.5695709,260.0,extra/structural_analysis/results/site_hazard/smrf_3_ii/,required_records_hz_16.txt,smrf_3_ii,16
16,0.75,7.158085,5.4621444,1.6412101,260.0,extra/structural_analysis/results/site_hazard/smrf_3_ii/,required_records_hz_17.txt,smrf_3_ii,17
17,0.75,7.161218,5.292929,1.6986259,260.0,extra/structural_analysis/results/site_hazard/smrf_3_ii/,required_records_hz_18.txt,smrf_3_ii,18
18,0.75,7.1654243,5.069137,1.7820885,260.0,extra/structural_analysis/results/site_hazard/smrf_3_ii/,required_records_hz_19.txt,smrf_3_ii,19
19,0.75,7.1691117,4.876243,1.8622073,260.0,extra/structural_analysis/results/site_hazard/smrf_3_ii/,required_records_hz_20.txt,smrf_3_ii,20
20,0.75,7.1718063,4.737295,1.9255123,260.0,extra/structural_analysis/results/site_hazard/smrf_3_ii/,required_records_hz_21.txt,smrf_3_ii,21
21,0.75,7.1738334,4.633797,1.976195,260.0,extra/structural_analysis/results/site_hazard/smrf_3_ii/,required_records_hz_22.txt,smrf_3_ii,22
22,0.75,7.175699,4.5392447,2.0254729,260.0,extra/structural_analysis/results/site_hazard/smrf_3_ii/,required_records_hz_23.txt,smrf_3_ii,23
23,0.75,7.1785917,4.393816,2.1076055,260.0,extra/structural_analysis/results/site_hazard/smrf_3_ii/,required_records_hz_24.txt,smrf_3_ii,24
24,0.75,7.180726,4.287048,2.1735487,260.0,extra/structural_analysis/results/site_hazard/smrf_3_ii/,required_records_hz_25.txt,smrf_3_ii,25
25,0.75,7.1880426,3.9156141,2.453019,260.0,extra/structural_analysis/results/site_hazard/smrf_3_ii/,required_records_hz_26.txt,smrf_3_ii,26
26,0.75,7.1943254,3.500424,2.9211051,260.0,extra/structural_analysis/results/site_hazard/smrf_3_ii/,required_records_hz_27.txt,smrf_3_ii,27
27,0.75,7.193978,3.294119,3.276066,260.0,extra/structural_analysis/results/site_hazard/smrf_3_ii/,required_records_hz_28.txt,smrf_3_ii,28
28,0.75,7.188404,3.1357424,3.6610725,260.0,extra/structural_analysis/results/site_hazard/smrf_3_ii/,required_records_hz_29.txt,smrf_3_ii,29
29,0.5,6.186371,41.159878,-0.3833517,260.0,extra/structural_analysis/results/site_hazard/smrf_3_iv/,required_records_hz_1.txt,smrf_3_iv,1
30,0.5,6.513656,25.850988,0.04889513,260.0,extra/structural_analysis/results/site_hazard/smrf_3_iv/,required_records_hz_2.txt,smrf_3_iv,2
31,0.5,6.6827655,20.493635,0.30477813,260.0,extra/structural_analysis/results/site_hazard/smrf_3_iv/,required_records_hz_3.txt,smrf_3_iv,3
32,0.5,6.79181,17.082706,0.48776266,260.0,extra/structural_analysis/results/site_hazard/smrf_3_iv/,required_records_hz_4.txt,smrf_3_iv,4
33,0.5,6.864257,14.675897,0.631182,260.0,extra/structural_analysis/results/site_hazard/smrf_3_iv/,required_records_hz_5.txt,smrf_3_iv,5
34,0.5,6.9148703,12.891258,0.75393635,260.0,extra/structural_analysis/results/site_hazard/smrf_3_iv/,required_records_hz_6.txt,smrf_3_iv,6
35,0.5,6.952431,11.504309,0.866255,260.0,extra/structural_analysis/results/site_hazard/smrf_3_iv/,required_records_hz_7.txt,smrf_3_iv,7
36,0.5,6.984629,10.272626,0.98528177,260.0,extra/structural_analysis/results/site_hazard/smrf_3_iv/,required_records_hz_8.txt,smrf_3_iv,8
37,0.5,7.005325,9.461424,1.0777917,260.0,extra/structural_analysis/results/site_hazard/smrf_3_iv/,required_records_hz_9.txt,smrf_3_iv,9
38,0.5,7.0267487,8.60744,1.191865,260.0,extra/structural_analysis/results/site_hazard/smrf_3_iv/,required_records_hz_10.txt,smrf_3_iv,10
39,0.5,7.041073,8.029502,1.2817616,260.0,extra/structural_analysis/results/site_hazard/smrf_3_iv/,required_records_hz_11.txt,smrf_3_iv,11
40,0.5,7.053416,7.5277166,1.3704728,260.0,extra/structural_analysis/results/site_hazard/smrf_3_iv/,required_records_hz_12.txt,smrf_3_iv,12
41,0.5,7.065764,7.022618,1.4722768,260.0,extra/structural_analysis/results/site_hazard/smrf_3_iv/,required_records_hz_13.txt,smrf_3_iv,13
42,0.5,7.073994,6.6842766,1.5490673,260.0,extra/structural_analysis/results/site_hazard/smrf_3_iv/,required_records_hz_14.txt,smrf_3_iv,14
43,0.5,7.081185,6.3874383,1.6232651,260.0,extra/structural_analysis/results/site_hazard/smrf_3_iv/,required_records_hz_15.txt,smrf_3_iv,15
44,0.5,7.089806,6.029695,1.7227705,260.0,extra/structural_analysis/results/site_hazard/smrf_3_iv/,required_records_hz_16.txt,smrf_3_iv,16
45,0.5,7.095807,5.779001,1.800269,260.0,extra/structural_analysis/results/site_hazard/smrf_3_iv/,required_records_hz_17.txt,smrf_3_iv,17
46,0.5,7.100209,5.5938916,1.862292,260.0,extra/structural_analysis/results/site_hazard/smrf_3_iv/,required_records_hz_18.txt,smrf_3_iv,18
47,0.5,7.1052413,5.380559,1.9395643,260.0,extra/structural_analysis/results/site_hazard/smrf_3_iv/,required_records_hz_19.txt,smrf_3_iv,19
48,0.5,7.1105337,5.1534333,2.0296707,260.0,extra/structural_analysis/results/site_hazard/smrf_3_iv/,required_records_hz_20.txt,smrf_3_iv,20
49,0.5,7.114306,4.9891505,2.1006553,260.0,extra/structural_analysis/results/site_hazard/smrf_3_iv/,required_records_hz_21.txt,smrf_3_iv,21
50,0.5,7.1170864,4.8663077,2.1573567,260.0,extra/structural_analysis/results/site_hazard/smrf_3_iv/,required_records_hz_22.txt,smrf_3_iv,22
51,0.5,7.119192,4.7720737,2.2031765,260.0,extra/structural_analysis/results/site_hazard/smrf_3_iv/,required_records_hz_23.txt,smrf_3_iv,23
52,0.5,7.1229305,4.6014447,2.2918704,260.0,extra/structural_analysis/results/site_hazard/smrf_3_iv/,required_records_hz_24.txt,smrf_3_iv,24
53,0.5,7.1257725,4.4680157,2.3670235,260.0,extra/structural_analysis/results/site_hazard/smrf_3_iv/,required_records_hz_25.txt,smrf_3_iv,25
54,0.5,7.1348715,4.001798,2.6819658,260.0,extra/structural_analysis/results/site_hazard/smrf_3_iv/,required_records_hz_26.txt,smrf_3_iv,26
55,0.5,7.1423316,3.4697917,3.2117364,260.0,extra/structural_analysis/results/site_hazard/smrf_3_iv/,required_records_hz_27.txt,smrf_3_iv,27
56,0.5,7.1435266,3.2123134,3.6166012,260.0,extra/structural_analysis/results/site_hazard/smrf_3_iv/,required_records_hz_28.txt,smrf_3_iv,28
57,0.5,7.143305,3.1468186,3.7533872,260.0,extra/structural_analysis/results/site_hazard/smrf_3_iv/,required_records_hz_29.txt,smrf_3_iv,29
58,1.0,6.2840405,47.616203,-0.38530666,260.0,extra/structural_analysis/results/site_hazard/smrf_6_ii/,required_records_hz_1.txt,smrf_6_ii,1
59,1.0,6.6582394,29.656725,-0.06127134,260.0,extra/structural_analysis/results/site_hazard/smrf_6_ii/,required_records_hz_2.txt,smrf_6_ii,2
60,1.0,6.8488994,22.78023,0.14843123,260.0,extra/structural_analysis/results/site_hazard/smrf_6_ii/,required_records_hz_3.txt,smrf_6_ii,3
61,1.0,6.9565387,18.671396,0.29436272,260.0,extra/structural_analysis/results/site_hazard/smrf_6_ii/,required_records_hz_4.txt,smrf_6_ii,4
62,1.0,7.025145,15.629733,0.41778794,260.0,extra/structural_analysis/results/site_hazard/smrf_6_ii/,required_records_hz_5.txt,smrf_6_ii,5
63,1.0,7.0697284,13.317596,0.53073955,260.0,extra/structural_analysis/results/site_hazard/smrf_6_ii/,required_records_hz_6.txt,smrf_6_ii,6
64,1.0,7.101468,11.430103,0.6460646,260.0,extra/structural_analysis/results/site_hazard/smrf_6_ii/,required_records_hz_7.txt,smrf_6_ii,7
65,1.0,7.1229367,10.010144,0.7556245,260.0,extra/structural_analysis/results/site_hazard/smrf_6_ii/,required_records_hz_8.txt,smrf_6_ii,8
66,1.0,7.1369057,9.020727,0.8495902,260.0,extra/structural_analysis/results/site_hazard/smrf_6_ii/,required_records_hz_9.txt,smrf_6_ii,9
67,1.0,7.1500278,8.051598,0.9620279,260.0,extra/structural_analysis/results/site_hazard/smrf_6_ii/,required_records_hz_10.txt,smrf_6_ii,10
68,1.0,7.158171,7.4388885,1.04748,260.0,extra/structural_analysis/results/site_hazard/smrf_6_ii/,required_records_hz_11.txt,smrf_6_ii,11
69,1.0,7.166499,6.813265,1.150438,260.0,extra/structural_analysis/results/site_hazard/smrf_6_ii/,required_records_hz_12.txt,smrf_6_ii,12
70,1.0,7.172695,6.3557615,1.2389464,260.0,extra/structural_analysis/results/site_hazard/smrf_6_ii/,required_records_hz_13.txt,smrf_6_ii,13
71,1.0,7.1770773,6.0401835,1.3083658,260.0,extra/structural_analysis/results/site_hazard/smrf_6_ii/,required_records_hz_14.txt,smrf_6_ii,14
72,1.0,7.182929,5.633722,1.4105881,260.0,extra/structural_analysis/results/site_hazard/smrf_6_ii/,required_records_hz_15.txt,smrf_6_ii,15
73,1.0,7.187009,5.363282,1.488617,260.0,extra/structural_analysis/results/site_hazard/smrf_6_ii/,required_records_hz_16.txt,smrf_6_ii,16
74,1.0,7.190013,5.172165,1.5497454,260.0,extra/structural_analysis/results/site_hazard/smrf_6_ii/,required_records_hz_17.txt,smrf_6_ii,17
75,1.0,7.1939945,4.930449,1.6356902,260.0,extra/structural_analysis/results/site_hazard/smrf_6_ii/,required_records_hz_18.txt,smrf_6_ii,18
76,1.0,7.1975493,4.7266755,1.7172453,260.0,extra/structural_analysis/results/site_hazard/smrf_6_ii/,required_records_hz_19.txt,smrf_6_ii,19
77,1.0,7.2002034,4.5822806,1.7811631,260.0,extra/structural_analysis/results/site_hazard/smrf_6_ii/,required_records_hz_20.txt,smrf_6_ii,20
78,1.0,7.202239,4.4761157,1.8319768,260.0,extra/structural_analysis/results/site_hazard/smrf_6_ii/,required_records_hz_21.txt,smrf_6_ii,21
79,1.0,7.204977,4.33965,1.902826,260.0,extra/structural_analysis/results/site_hazard/smrf_6_ii/,required_records_hz_22.txt,smrf_6_ii,22
80,1.0,7.2077923,4.206916,1.9787425,260.0,extra/structural_analysis/results/site_hazard/smrf_6_ii/,required_records_hz_23.txt,smrf_6_ii,23
81,1.0,7.209964,4.109711,2.039513,260.0,extra/structural_analysis/results/site_hazard/smrf_6_ii/,required_records_hz_24.txt,smrf_6_ii,24
82,1.0,7.211673,4.036319,2.088758,260.0,extra/structural_analysis/results/site_hazard/smrf_6_ii/,required_records_hz_25.txt,smrf_6_ii,25
83,1.0,7.220758,3.6894186,2.3743517,260.0,extra/structural_analysis/results/site_hazard/smrf_6_ii/,required_records_hz_26.txt,smrf_6_ii,26
84,1.0,7.2319427,3.3457901,2.8071866,260.0,extra/structural_analysis/results/site_hazard/smrf_6_ii/,required_records_hz_27.txt,smrf_6_ii,27
85,1.0,7.238514,3.1671498,3.1604166,260.0,extra/structural_analysis/results/site_hazard/smrf_6_ii/,required_records_hz_28.txt,smrf_6_ii,28
86,1.0,7.242547,3.0293334,3.5709658,260.0,extra/structural_analysis/results/site_hazard/smrf_6_ii/,required_records_hz_29.txt,smrf_6_ii,29
87,0.75,6.247858,45.136467,-0.3565718,260.0,extra/structural_analysis/results/site_hazard/smrf_6_iv/,required_records_hz_1.txt,smrf_6_iv,1
88,0.75,6.601211,28.22232,0.0051185405,260.0,extra/structural_analysis/results/site_hazard/smrf_6_iv/,required_records_hz_2.txt,smrf_6_iv,2
89,0.75,6.782385,21.991953,0.22856997,260.0,extra/structural_analysis/results/site_hazard/smrf_6_iv/,required_records_hz_3.txt,smrf_6_iv,3
90,0.75,6.890027,18.211988,0.38277256,260.0,extra/structural_analysis/results/site_hazard/smrf_6_iv/,required_records_hz_4.txt,smrf_6_iv,4
91,0.75,6.9627876,15.372036,0.5128593,260.0,extra/structural_analysis/results/site_hazard/smrf_6_iv/,required_records_hz_5.txt,smrf_6_iv,5
92,0.75,7.009892,13.321918,0.62350655,260.0,extra/structural_analysis/results/site_hazard/smrf_6_iv/,required_records_hz_6.txt,smrf_6_iv,6
93,0.75,7.0471525,11.54277,0.740758,260.0,extra/structural_analysis/results/site_hazard/smrf_6_iv/,required_records_hz_7.txt,smrf_6_iv,7
94,0.75,7.0727534,10.22772,0.8480374,260.0,extra/structural_analysis/results/site_hazard/smrf_6_iv/,required_records_hz_8.txt,smrf_6_iv,8
95,0.75,7.090749,9.257493,0.94404024,260.0,extra/structural_analysis/results/site_hazard/smrf_6_iv/,required_records_hz_9.txt,smrf_6_iv,9
96,0.75,7.1066875,8.36997,1.0496627,260.0,extra/structural_analysis/results/site_hazard/smrf_6_iv/,required_records_hz_10.txt,smrf_6_iv,10
97,0.75,7.1179605,7.7302175,1.1401514,260.0,extra/structural_analysis/results/site_hazard/smrf_6_iv/,required_records_hz_11.txt,smrf_6_iv,11
98,0.75,7.127195,7.2020497,1.2268682,260.0,extra/structural_analysis/results/site_hazard/smrf_6_iv/,required_records_hz_12.txt,smrf_6_iv,12
99,0.75,7.136213,6.6862597,1.325154,260.0,extra/structural_analysis/results/site_hazard/smrf_6_iv/,required_records_hz_13.txt,smrf_6_iv,13
100,0.75,7.1422005,6.3457866,1.3993614,260.0,extra/structural_analysis/results/site_hazard/smrf_6_iv/,required_records_hz_14.txt,smrf_6_iv,14
101,0.75,7.147895,6.0249395,1.477768,260.0,extra/structural_analysis/results/site_hazard/smrf_6_iv/,required_records_hz_15.txt,smrf_6_iv,15
102,0.75,7.153868,5.6929297,1.5695709,260.0,extra/structural_analysis/results/site_hazard/smrf_6_iv/,required_records_hz_16.txt,smrf_6_iv,16
103,0.75,7.158085,5.4621444,1.6412101,260.0,extra/structural_analysis/results/site_hazard/smrf_6_iv/,required_records_hz_17.txt,smrf_6_iv,17
104,0.75,7.161218,5.292929,1.6986259,260.0,extra/structural_analysis/results/site_hazard/smrf_6_iv/,required_records_hz_18.txt,smrf_6_iv,18
105,0.75,7.1654243,5.069137,1.7820885,260.0,extra/structural_analysis/results/site_hazard/smrf_6_iv/,required_records_hz_19.txt,smrf_6_iv,19
106,0.75,7.1691117,4.876243,1.8622073,260.0,extra/structural_analysis/results/site_hazard/smrf_6_iv/,required_records_hz_20.txt,smrf_6_iv,20
107,0.75,7.1718063,4.737295,1.9255123,260.0,extra/structural_analysis/results/site_hazard/smrf_6_iv/,required_records_hz_21.txt,smrf_6_iv,21
108,0.75,7.1738334,4.633797,1.976195,260.0,extra/structural_analysis/results/site_hazard/smrf_6_iv/,required_records_hz_22.txt,smrf_6_iv,22
109,0.75,7.175699,4.5392447,2.0254729,260.0,extra/structural_analysis/results/site_hazard/smrf_6_iv/,required_records_hz_23.txt,smrf_6_iv,23
110,0.75,7.1785917,4.393816,2.1076055,260.0,extra/structural_analysis/results/site_hazard/smrf_6_iv/,required_records_hz_24.txt,smrf_6_iv,24
111,0.75,7.180726,4.287048,2.1735487,260.0,extra/structural_analysis/results/site_hazard/smrf_6_iv/,required_records_hz_25.txt,smrf_6_iv,25
112,0.75,7.1880426,3.9156141,2.453019,260.0,extra/structural_analysis/results/site_hazard/smrf_6_iv/,required_records_hz_26.txt,smrf_6_iv,26
113,0.75,7.1943254,3.500424,2.9211051,260.0,extra/structural_analysis/results/site_hazard/smrf_6_iv/,required_records_hz_27.txt,smrf_6_iv,27
114,0.75,7.193978,3.294119,3.276066,260.0,extra/structural_analysis/results/site_hazard/smrf_6_iv/,required_records_hz_28.txt,smrf_6_iv,28
115,0.75,7.188404,3.1357424,3.6610725,260.0,extra/structural_analysis/results/site_hazard/smrf_6_iv/,required_records_hz_29.txt,smrf_6_iv,29
116,1.5,6.356624,51.66111,-0.469035,260.0,extra/structural_analysis/results/site_hazard/smrf_9_ii/,required_records_hz_1.txt,smrf_9_ii,1
117,1.5,6.760267,32.739727,-0.18403248,260.0,extra/structural_analysis/results/site_hazard/smrf_9_ii/,required_records_hz_2.txt,smrf_9_ii,2
118,1.5,6.960904,24.682968,0.025551153,260.0,extra/structural_analysis/results/site_hazard/smrf_9_ii/,required_records_hz_3.txt,smrf_9_ii,3
119,1.5,7.0637264,19.994642,0.17963709,260.0,extra/structural_analysis/results/site_hazard/smrf_9_ii/,required_records_hz_4.txt,smrf_9_ii,4
120,1.5,7.1258554,16.43331,0.3214436,260.0,extra/structural_analysis/results/site_hazard/smrf_9_ii/,required_records_hz_5.txt,smrf_9_ii,5
121,1.5,7.1605277,13.884077,0.4473513,260.0,extra/structural_analysis/results/site_hazard/smrf_9_ii/,required_records_hz_6.txt,smrf_9_ii,6
122,1.5,7.1808343,12.036664,0.56079984,260.0,extra/structural_analysis/results/site_hazard/smrf_9_ii/,required_records_hz_7.txt,smrf_9_ii,7
123,1.5,7.195781,10.41965,0.68478,260.0,extra/structural_analysis/results/site_hazard/smrf_9_ii/,required_records_hz_8.txt,smrf_9_ii,8
124,1.5,7.2054696,9.232702,0.79804736,260.0,extra/structural_analysis/results/site_hazard/smrf_9_ii/,required_records_hz_9.txt,smrf_9_ii,9
125,1.5,7.212143,8.362863,0.8984464,260.0,extra/structural_analysis/results/site_hazard/smrf_9_ii/,required_records_hz_10.txt,smrf_9_ii,10
126,1.5,7.2180576,7.5815444,1.0061406,260.0,extra/structural_analysis/results/site_hazard/smrf_9_ii/,required_records_hz_11.txt,smrf_9_ii,11
127,1.5,7.2225237,7.006621,1.099665,260.0,extra/structural_analysis/results/site_hazard/smrf_9_ii/,required_records_hz_12.txt,smrf_9_ii,12
128,1.5,7.226383,6.5349073,1.1883403,260.0,extra/structural_analysis/results/site_hazard/smrf_9_ii/,required_records_hz_13.txt,smrf_9_ii,13
129,1.5,7.230381,6.081914,1.2866355,260.0,extra/structural_analysis/results/site_hazard/smrf_9_ii/,required_records_hz_14.txt,smrf_9_ii,14
130,1.5,7.2332697,5.7812986,1.3608731,260.0,extra/structural_analysis/results/site_hazard/smrf_9_ii/,required_records_hz_15.txt,smrf_9_ii,15
131,1.5,7.236341,5.4878407,1.4420278,260.0,extra/structural_analysis/results/site_hazard/smrf_9_ii/,required_records_hz_16.txt,smrf_9_ii,16
132,1.5,7.2396483,5.2020817,1.5312505,260.0,extra/structural_analysis/results/site_hazard/smrf_9_ii/,required_records_hz_17.txt,smrf_9_ii,17
133,1.5,7.242226,5.0003023,1.6017033,260.0,extra/structural_analysis/results/site_hazard/smrf_9_ii/,required_records_hz_18.txt,smrf_9_ii,18
134,1.5,7.244228,4.855612,1.6567795,260.0,extra/structural_analysis/results/site_hazard/smrf_9_ii/,required_records_hz_19.txt,smrf_9_ii,19
135,1.5,7.2474575,4.642721,1.7460879,260.0,extra/structural_analysis/results/site_hazard/smrf_9_ii/,required_records_hz_20.txt,smrf_9_ii,20
136,1.5,7.25011,4.485285,1.8197113,260.0,extra/structural_analysis/results/site_hazard/smrf_9_ii/,required_records_hz_21.txt,smrf_9_ii,21
137,1.5,7.2522087,4.3708754,1.8780587,260.0,extra/structural_analysis/results/site_hazard/smrf_9_ii/,required_records_hz_22.txt,smrf_9_ii,22
138,1.5,7.2538924,4.2850523,1.9249212,260.0,extra/structural_analysis/results/site_hazard/smrf_9_ii/,required_records_hz_23.txt,smrf_9_ii,23
139,1.5,7.2562323,4.174002,1.9900684,260.0,extra/structural_analysis/results/site_hazard/smrf_9_ii/,required_records_hz_24.txt,smrf_9_ii,24
140,1.5,7.258819,4.061382,2.0621467,260.0,extra/structural_analysis/results/site_hazard/smrf_9_ii/,required_records_hz_25.txt,smrf_9_ii,25
141,1.5,7.268719,3.7118251,2.3386948,260.0,extra/structural_analysis/results/site_hazard/smrf_9_ii/,required_records_hz_26.txt,smrf_9_ii,26
142,1.5,7.28474,3.338147,2.7930057,260.0,extra/structural_analysis/results/site_hazard/smrf_9_ii/,required_records_hz_27.txt,smrf_9_ii,27
143,1.5,7.296025,3.1648357,3.1250556,260.0,extra/structural_analysis/results/site_hazard/smrf_9_ii/,required_records_hz_28.txt,smrf_9_ii,28
144,1.5,7.3073153,3.0385213,3.4765227,260.0,extra/structural_analysis/results/site_hazard/smrf_9_ii/,required_records_hz_29.txt,smrf_9_ii,29
145,1.0,6.2840405,47.616203,-0.38530666,260.0,extra/structural_analysis/results/site_hazard/smrf_9_iv/,required_records_hz_1.txt,smrf_9_iv,1
146,1.0,6.6582394,29.656725,-0.06127134,260.0,extra/structural_analysis/results/site_hazard/smrf_9_iv/,required_records_hz_2.txt,smrf_9_iv,2
147,1.0,6.8488994,22.78023,0.14843123,260.0,extra/structural_analysis/results/site_hazard/smrf_9_iv/,required_records_hz_3.txt,smrf_9_iv,3
148,1.0,6.9565387,18.671396,0.29436272,260.0,extra/structural_analysis/results/site_hazard/smrf_9_iv/,required_records_hz_4.txt,smrf_9_iv,4
149,1.0,7.025145,15.629733,0.41778794,260.0,extra/structural_analysis/results/site_hazard/smrf_9_iv/,required_records_hz_5.txt,smrf_9_iv,5
150,1.0,7.0697284,13.317596,0.53073955,260.0,extra/structural_analysis/results/site_hazard/smrf_9_iv/,required_records_hz_6.txt,smrf_9_iv,6
151,1.0,7.101468,11.430103,0.6460646,260.0,extra/structural_analysis/results/site_hazard/smrf_9_iv/,required_records_hz_7.txt,smrf_9_iv,7
152,1.0,7.1229367,10.010144,0.7556245,260.0,extra/structural_analysis/results/site_hazard/smrf_9_iv/,required_records_hz_8.txt,smrf_9_iv,8
153,1.0,7.1369057,9.020727,0.8495902,260.0,extra/structural_analysis/results/site_hazard/smrf_9_iv/,required_records_hz_9.txt,smrf_9_iv,9
154,1.0,7.1500278,8.051598,0.9620279,260.0,extra/structural_analysis/results/site_hazard/smrf_9_iv/,required_records_hz_10.txt,smrf_9_iv,10
155,1.0,7.158171,7.4388885,1.04748,260.0,extra/structural_analysis/results/site_hazard/smrf_9_iv/,required_records_hz_11.txt,smrf_9_iv,11
156,1.0,7.166499,6.813265,1.150438,260.0,extra/structural_analysis/results/site_hazard/smrf_9_iv/,required_records_hz_12.txt,smrf_9_iv,12
157,1.0,7.172695,6.3557615,1.2389464,260.0,extra/structural_analysis/results/site_hazard/smrf_9_iv/,required_records_hz_13.txt,smrf_9_iv,13
158,1.0,7.1770773,6.0401835,1.3083658,260.0,extra/structural_analysis/results/site_hazard/smrf_9_iv/,required_records_hz_14.txt,smrf_9_iv,14
159,1.0,7.182929,5.633722,1.4105881,260.0,extra/structural_analysis/results/site_hazard/smrf_9_iv/,required_records_hz_15.txt,smrf_9_iv,15
160,1.0,7.187009,5.363282,1.488617,260.0,extra/structural_analysis/results/site_hazard/smrf_9_iv/,required_records_hz_16.txt,smrf_9_iv,16
161,1.0,7.190013,5.172165,1.5497454,260.0,extra/structural_analysis/results/site_hazard/smrf_9_iv/,required_records_hz_17.txt,smrf_9_iv,17
162,1.0,7.1939945,4.930449,1.6356902,260.0,extra/structural_analysis/results/site_hazard/smrf_9_iv/,required_records_hz_18.txt,smrf_9_iv,18
163,1.0,7.1975493,4.7266755,1.7172453,260.0,extra/structural_analysis/results/site_hazard/smrf_9_iv/,required_records_hz_19.txt,smrf_9_iv,19
164,1.0,7.2002034,4.5822806,1.7811631,260.0,extra/structural_analysis/results/site_hazard/smrf_9_iv/,required_records_hz_20.txt,smrf_9_iv,20
165,1.0,7.202239,4.4761157,1.8319768,260.0,extra/structural_analysis/results/site_hazard/smrf_9_iv/,required_records_hz_21.txt,smrf_9_iv,21
166,1.0,7.204977,4.33965,1.902826,260.0,extra/structural_analysis/results/site_hazard/smrf_9_iv/,required_records_hz_22.txt,smrf_9_iv,22
167,1.0,7.2077923,4.206916,1.9787425,260.0,extra/structural_analysis/results/site_hazard/smrf_9_iv/,required_records_hz_23.txt,smrf_9_iv,23
168,1.0,7.209964,4.109711,2.039513,260.0,extra/structural_analysis/results/site_hazard/smrf_9_iv/,required_records_hz_24.txt,smrf_9_iv,24
169,1.0,7.211673,4.036319,2.088758,260.0,extra/structural_analysis/results/site_hazard/smrf_9_iv/,required_records_hz_25.txt,smrf_9_iv,25
170,1.0,7.220758,3.6894186,2.3743517,260.0,extra/structural_analysis/results/site_hazard/smrf_9_iv/,required_records_hz_26.txt,smrf_9_iv,26
171,1.0,7.2319427,3.3457901,2.8071866,260.0,extra/structural_analysis/results/site_hazard/smrf_9_iv/,required_records_hz_27.txt,smrf_9_iv,27
172,1.0,7.238514,3.1671498,3.1604166,260.0,extra/structural_analysis/results/site_hazard/smrf_9_iv/,required_records_hz_28.txt,smrf_9_iv,28
173,1.0,7.242547,3.0293334,3.5709658,260.0,extra/structural_analysis/results/site_hazard/smrf_9_iv/,required_records_hz_29.txt,smrf_9_iv,29
174,0.3,6.1113763,36.553944,-0.40344644,260.0,extra/structural_analysis/results/site_hazard/scbf_3_ii/,required_records_hz_1.txt,scbf_3_ii,1
175,0.3,6.3887677,23.35383,0.14600389,260.0,extra/structural_analysis/results/site_hazard/scbf_3_ii/,required_records_hz_2.txt,scbf_3_ii,2
176,0.3,6.525673,18.984886,0.45806092,260.0,extra/structural_analysis/results/site_hazard/scbf_3_ii/,required_records_hz_3.txt,scbf_3_ii,3
177,0.3,6.6164274,16.24522,0.6867747,260.0,extra/structural_analysis/results/site_hazard/scbf_3_ii/,required_records_hz_4.txt,scbf_3_ii,4
178,0.3,6.677277,14.399618,0.8606259,260.0,extra/structural_analysis/results/site_hazard/scbf_3_ii/,required_records_hz_5.txt,scbf_3_ii,5
179,0.3,6.7229557,12.995378,1.0101275,260.0,extra/structural_analysis/results/site_hazard/scbf_3_ii/,required_records_hz_6.txt,scbf_3_ii,6
180,0.3,6.762092,11.777166,1.1578716,260.0,extra/structural_analysis/results/site_hazard/scbf_3_ii/,required_records_hz_7.txt,scbf_3_ii,7
181,0.3,6.787255,10.987445,1.2658377,260.0,extra/structural_analysis/results/site_hazard/scbf_3_ii/,required_records_hz_8.txt,scbf_3_ii,8
182,0.3,6.8154936,10.097626,1.4023451,260.0,extra/structural_analysis/results/site_hazard/scbf_3_ii/,required_records_hz_9.txt,scbf_3_ii,9
183,0.3,6.834064,9.51278,1.5024706,260.0,extra/structural_analysis/results/site_hazard/scbf_3_ii/,required_records_hz_10.txt,scbf_3_ii,10
184,0.3,6.8520656,8.9487505,1.6082438,260.0,extra/structural_analysis/results/site_hazard/scbf_3_ii/,required_records_hz_11.txt,scbf_3_ii,11
185,0.3,6.869478,8.409066,1.7190605,260.0,extra/structural_analysis/results/site_hazard/scbf_3_ii/,required_records_hz_12.txt,scbf_3_ii,12
186,0.3,6.881556,8.040261,1.8007765,260.0,extra/structural_analysis/results/site_hazard/scbf_3_ii/,required_records_hz_13.txt,scbf_3_ii,13
187,0.3,6.8950357,7.6361513,1.8964032,260.0,extra/structural_analysis/results/site_hazard/scbf_3_ii/,required_records_hz_14.txt,scbf_3_ii,14
188,0.3,6.9093146,7.21924,2.00229,260.0,extra/structural_analysis/results/site_hazard/scbf_3_ii/,required_records_hz_15.txt,scbf_3_ii,15
189,0.3,6.9198174,6.9213676,2.082835,260.0,extra/structural_analysis/results/site_hazard/scbf_3_ii/,required_records_hz_16.txt,scbf_3_ii,16
190,0.3,6.9278564,6.699052,2.1458366,260.0,extra/structural_analysis/results/site_hazard/scbf_3_ii/,required_records_hz_17.txt,scbf_3_ii,17
191,0.3,6.9422884,6.3132734,2.2616484,260.0,extra/structural_analysis/results/site_hazard/scbf_3_ii/,required_records_hz_18.txt,scbf_3_ii,18
192,0.3,6.953464,6.0268965,2.3536625,260.0,extra/structural_analysis/results/site_hazard/scbf_3_ii/,required_records_hz_19.txt,scbf_3_ii,19
193,0.3,6.962026,5.8149085,2.4256384,260.0,extra/structural_analysis/results/site_hazard/scbf_3_ii/,required_records_hz_20.txt,scbf_3_ii,20
194,0.3,6.9694667,5.635903,2.4893599,260.0,extra/structural_analysis/results/site_hazard/scbf_3_ii/,required_records_hz_21.txt,scbf_3_ii,21
195,0.3,6.982043,5.3441377,2.600037,260.0,extra/structural_analysis/results/site_hazard/scbf_3_ii/,required_records_hz_22.txt,scbf_3_ii,22
196,0.3,6.991616,5.130843,2.6873903,260.0,extra/structural_analysis/results/site_hazard/scbf_3_ii/,required_records_hz_23.txt,scbf_3_ii,23
197,0.3,6.999038,4.9704785,2.7574413,260.0,extra/structural_analysis/results/site_hazard/scbf_3_ii/,required_records_hz_24.txt,scbf_3_ii,24
198,0.3,7.0048833,4.8471465,2.8143232,260.0,extra/structural_analysis/results/site_hazard/scbf_3_ii/,required_records_hz_25.txt,scbf_3_ii,25
199,0.3,7.041996,4.118556,3.2311757,260.0,extra/structural_analysis/results/site_hazard/scbf_3_ii/,required_records_hz_26.txt,scbf_3_ii,26
200,0.3,7.081721,3.4105175,3.9506047,260.0,extra/structural_analysis/results/site_hazard/scbf_3_ii/,required_records_hz_27.txt,scbf_3_ii,27
201,0.3,7.0884423,3.2880888,4.160255,260.0,extra/structural_analysis/results/site_hazard/scbf_3_ii/,required_records_hz_28.txt,scbf_3_ii,28
202,0.3,7.0902653,3.2534337,4.2291327,260.0,extra/structural_analysis/results/site_hazard/scbf_3_ii/,required_records_hz_29.txt,scbf_3_ii,29
203,0.3,6.1113763,36.553944,-0.40344644,260.0,extra/structural_analysis/results/site_hazard/scbf_3_iv/,required_records_hz_1.txt,scbf_3_iv,1
204,0.3,6.3887677,23.35383,0.14600389,260.0,extra/structural_analysis/results/site_hazard/scbf_3_iv/,required_records_hz_2.txt,scbf_3_iv,2
205,0.3,6.525673,18.984886,0.45806092,260.0,extra/structural_analysis/results/site_hazard/scbf_3_iv/,required_records_hz_3.txt,scbf_3_iv,3
206,0.3,6.6164274,16.24522,0.6867747,260.0,extra/structural_analysis/results/site_hazard/scbf_3_iv/,required_records_hz_4.txt,scbf_3_iv,4
207,0.3,6.677277,14.399618,0.8606259,260.0,extra/structural_analysis/results/site_hazard/scbf_3_iv/,required_records_hz_5.txt,scbf_3_iv,5
208,0.3,6.7229557,12.995378,1.0101275,260.0,extra/structural_analysis/results/site_hazard/scbf_3_iv/,required_records_hz_6.txt,scbf_3_iv,6
209,0.3,6.762092,11.777166,1.1578716,260.0,extra/structural_analysis/results/site_hazard/scbf_3_iv/,required_records_hz_7.txt,scbf_3_iv,7
210,0.3,6.787255,10.987445,1.2658377,260.0,extra/structural_analysis/results/site_hazard/scbf_3_iv/,required_records_hz_8.txt,scbf_3_iv,8
211,0.3,6.8154936,10.097626,1.4023451,260.0,extra/structural_analysis/results/site_hazard/scbf_3_iv/,required_records_hz_9.txt,scbf_3_iv,9
212,0.3,6.834064,9.51278,1.5024706,260.0,extra/structural_analysis/results/site_hazard/scbf_3_iv/,required_records_hz_10.txt,scbf_3_iv,10
213,0.3,6.8520656,8.9487505,1.6082438,260.0,extra/structural_analysis/results/site_hazard/scbf_3_iv/,required_records_hz_11.txt,scbf_3_iv,11
214,0.3,6.869478,8.409066,1.7190605,260.0,extra/structural_analysis/results/site_hazard/scbf_3_iv/,required_records_hz_12.txt,scbf_3_iv,12
215,0.3,6.881556,8.040261,1.8007765,260.0,extra/structural_analysis/results/site_hazard/scbf_3_iv/,required_records_hz_13.txt,scbf_3_iv,13
216,0.3,6.8950357,7.6361513,1.8964032,260.0,extra/structural_analysis/results/site_hazard/scbf_3_iv/,required_records_hz_14.txt,scbf_3_iv,14
217,0.3,6.9093146,7.21924,2.00229,260.0,extra/structural_analysis/results/site_hazard/scbf_3_iv/,required_records_hz_15.txt,scbf_3_iv,15
218,0.3,6.9198174,6.9213676,2.082835,260.0,extra/structural_analysis/results/site_hazard/scbf_3_iv/,required_records_hz_16.txt,scbf_3_iv,16
219,0.3,6.9278564,6.699052,2.1458366,260.0,extra/structural_analysis/results/site_hazard/scbf_3_iv/,required_records_hz_17.txt,scbf_3_iv,17
220,0.3,6.9422884,6.3132734,2.2616484,260.0,extra/structural_analysis/results/site_hazard/scbf_3_iv/,required_records_hz_18.txt,scbf_3_iv,18
221,0.3,6.953464,6.0268965,2.3536625,260.0,extra/structural_analysis/results/site_hazard/scbf_3_iv/,required_records_hz_19.txt,scbf_3_iv,19
222,0.3,6.962026,5.8149085,2.4256384,260.0,extra/structural_analysis/results/site_hazard/scbf_3_iv/,required_records_hz_20.txt,scbf_3_iv,20
223,0.3,6.9694667,5.635903,2.4893599,260.0,extra/structural_analysis/results/site_hazard/scbf_3_iv/,required_records_hz_21.txt,scbf_3_iv,21
224,0.3,6.982043,5.3441377,2.600037,260.0,extra/structural_analysis/results/site_hazard/scbf_3_iv/,required_records_hz_22.txt,scbf_3_iv,22
225,0.3,6.991616,5.130843,2.6873903,260.0,extra/structural_analysis/results/site_hazard/scbf_3_iv/,required_records_hz_23.txt,scbf_3_iv,23
226,0.3,6.999038,4.9704785,2.7574413,260.0,extra/structural_analysis/results/site_hazard/scbf_3_iv/,required_records_hz_24.txt,scbf_3_iv,24
227,0.3,7.0048833,4.8471465,2.8143232,260.0,extra/structural_analysis/results/site_hazard/scbf_3_iv/,required_records_hz_25.txt,scbf_3_iv,25
228,0.3,7.041996,4.118556,3.2311757,260.0,extra/structural_analysis/results/site_hazard/scbf_3_iv/,required_records_hz_26.txt,scbf_3_iv,26
229,0.3,7.081721,3.4105175,3.9506047,260.0,extra/structural_analysis/results/site_hazard/scbf_3_iv/,required_records_hz_27.txt,scbf_3_iv,27
230,0.3,7.0884423,3.2880888,4.160255,260.0,extra/structural_analysis/results/site_hazard/scbf_3_iv/,required_records_hz_28.txt,scbf_3_iv,28
231,0.3,7.0902653,3.2534337,4.2291327,260.0,extra/structural_analysis/results/site_hazard/scbf_3_iv/,required_records_hz_29.txt,scbf_3_iv,29
232,0.5,6.186371,41.159878,-0.3833517,260.0,extra/structural_analysis/results/site_hazard/scbf_6_ii/,required_records_hz_1.txt,scbf_6_ii,1
233,0.5,6.513656,25.850988,0.04889513,260.0,extra/structural_analysis/results/site_hazard/scbf_6_ii/,required_records_hz_2.txt,scbf_6_ii,2
234,0.5,6.6827655,20.493635,0.30477813,260.0,extra/structural_analysis/results/site_hazard/scbf_6_ii/,required_records_hz_3.txt,scbf_6_ii,3
235,0.5,6.79181,17.082706,0.48776266,260.0,extra/structural_analysis/results/site_hazard/scbf_6_ii/,required_records_hz_4.txt,scbf_6_ii,4
236,0.5,6.864257,14.675897,0.631182,260.0,extra/structural_analysis/results/site_hazard/scbf_6_ii/,required_records_hz_5.txt,scbf_6_ii,5
237,0.5,6.9148703,12.891258,0.75393635,260.0,extra/structural_analysis/results/site_hazard/scbf_6_ii/,required_records_hz_6.txt,scbf_6_ii,6
238,0.5,6.952431,11.504309,0.866255,260.0,extra/structural_analysis/results/site_hazard/scbf_6_ii/,required_records_hz_7.txt,scbf_6_ii,7
239,0.5,6.984629,10.272626,0.98528177,260.0,extra/structural_analysis/results/site_hazard/scbf_6_ii/,required_records_hz_8.txt,scbf_6_ii,8
240,0.5,7.005325,9.461424,1.0777917,260.0,extra/structural_analysis/results/site_hazard/scbf_6_ii/,required_records_hz_9.txt,scbf_6_ii,9
241,0.5,7.0267487,8.60744,1.191865,260.0,extra/structural_analysis/results/site_hazard/scbf_6_ii/,required_records_hz_10.txt,scbf_6_ii,10
242,0.5,7.041073,8.029502,1.2817616,260.0,extra/structural_analysis/results/site_hazard/scbf_6_ii/,required_records_hz_11.txt,scbf_6_ii,11
243,0.5,7.053416,7.5277166,1.3704728,260.0,extra/structural_analysis/results/site_hazard/scbf_6_ii/,required_records_hz_12.txt,scbf_6_ii,12
244,0.5,7.065764,7.022618,1.4722768,260.0,extra/structural_analysis/results/site_hazard/scbf_6_ii/,required_records_hz_13.txt,scbf_6_ii,13
245,0.5,7.073994,6.6842766,1.5490673,260.0,extra/structural_analysis/results/site_hazard/scbf_6_ii/,required_records_hz_14.txt,scbf_6_ii,14
246,0.5,7.081185,6.3874383,1.6232651,260.0,extra/structural_analysis/results/site_hazard/scbf_6_ii/,required_records_hz_15.txt,scbf_6_ii,15
247,0.5,7.089806,6.029695,1.7227705,260.0,extra/structural_analysis/results/site_hazard/scbf_6_ii/,required_records_hz_16.txt,scbf_6_ii,16
248,0.5,7.095807,5.779001,1.800269,260.0,extra/structural_analysis/results/site_hazard/scbf_6_ii/,required_records_hz_17.txt,scbf_6_ii,17
249,0.5,7.100209,5.5938916,1.862292,260.0,extra/structural_analysis/results/site_hazard/scbf_6_ii/,required_records_hz_18.txt,scbf_6_ii,18
250,0.5,7.1052413,5.380559,1.9395643,260.0,extra/structural_analysis/results/site_hazard/scbf_6_ii/,required_records_hz_19.txt,scbf_6_ii,19
251,0.5,7.1105337,5.1534333,2.0296707,260.0,extra/structural_analysis/results/site_hazard/scbf_6_ii/,required_records_hz_20.txt,scbf_6_ii,20
252,0.5,7.114306,4.9891505,2.1006553,260.0,extra/structural_analysis/results/site_hazard/scbf_6_ii/,required_records_hz_21.txt,scbf_6_ii,21
253,0.5,7.1170864,4.8663077,2.1573567,260.0,extra/structural_analysis/results/site_hazard/scbf_6_ii/,required_records_hz_22.txt,scbf_6_ii,22
254,0.5,7.119192,4.7720737,2.2031765,260.0,extra/structural_analysis/results/site_hazard/scbf_6_ii/,required_records_hz_23.txt,scbf_6_ii,23
255,0.5,7.1229305,4.6014447,2.2918704,260.0,extra/structural_analysis/results/site_hazard/scbf_6_ii/,required_records_hz_24.txt,scbf_6_ii,24
256,0.5,7.1257725,4.4680157,2.3670235,260.0,extra/structural_analysis/results/site_hazard/scbf_6_ii/,required_records_hz_25.txt,scbf_6_ii,25
257,0.5,7.1348715,4.001798,2.6819658,260.0,extra/structural_analysis/results/site_hazard/scbf_6_ii/,required_records_hz_26.txt,scbf_6_ii,26
258,0.5,7.1423316,3.4697917,3.2117364,260.0,extra/structural_analysis/results/site_hazard/scbf_6_ii/,required_records_hz_27.txt,scbf_6_ii,27
259,0.5,7.1435266,3.2123134,3.6166012,260.0,extra/structural_analysis/results/site_hazard/scbf_6_ii/,required_records_hz_28.txt,scbf_6_ii,28
260,0.5,7.143305,3.1468186,3.7533872,260.0,extra/structural_analysis/results/site_hazard/scbf_6_ii/,required_records_hz_29.txt,scbf_6_ii,29
261,0.5,6.186371,41.159878,-0.3833517,260.0,extra/structural_analysis/results/site_hazard/scbf_6_iv/,required_records_hz_1.txt,scbf_6_iv,1
262,0.5,6.513656,25.850988,0.04889513,260.0,extra/structural_analysis/results/site_hazard/scbf_6_iv/,required_records_hz_2.txt,scbf_6_iv,2
263,0.5,6.6827655,20.493635,0.30477813,260.0,extra/structural_analysis/results/site_hazard/scbf_6_iv/,required_records_hz_3.txt,scbf_6_iv,3
264,0.5,6.79181,17.082706,0.48776266,260.0,extra/structural_analysis/results/site_hazard/scbf_6_iv/,required_records_hz_4.txt,scbf_6_iv,4
265,0.5,6.864257,14.675897,0.631182,260.0,extra/structural_analysis/results/site_hazard/scbf_6_iv/,required_records_hz_5.txt,scbf_6_iv,5
266,0.5,6.9148703,12.891258,0.75393635,260.0,extra/structural_analysis/results/site_hazard/scbf_6_iv/,required_records_hz_6.txt,scbf_6_iv,6
267,0.5,6.952431,11.504309,0.866255,260.0,extra/structural_analysis/results/site_hazard/scbf_6_iv/,required_records_hz_7.txt,scbf_6_iv,7
268,0.5,6.984629,10.272626,0.98528177,260.0,extra/structural_analysis/results/site_hazard/scbf_6_iv/,required_records_hz_8.txt,scbf_6_iv,8
269,0.5,7.005325,9.461424,1.0777917,260.0,extra/structural_analysis/results/site_hazard/scbf_6_iv/,required_records_hz_9.txt,scbf_6_iv,9
270,0.5,7.0267487,8.60744,1.191865,260.0,extra/structural_analysis/results/site_hazard/scbf_6_iv/,required_records_hz_10.txt,scbf_6_iv,10
271,0.5,7.041073,8.029502,1.2817616,260.0,extra/structural_analysis/results/site_hazard/scbf_6_iv/,required_records_hz_11.txt,scbf_6_iv,11
272,0.5,7.053416,7.5277166,1.3704728,260.0,extra/structural_analysis/results/site_hazard/scbf_6_iv/,required_records_hz_12.txt,scbf_6_iv,12
273,0.5,7.065764,7.022618,1.4722768,260.0,extra/structural_analysis/results/site_hazard/scbf_6_iv/,required_records_hz_13.txt,scbf_6_iv,13
274,0.5,7.073994,6.6842766,1.5490673,260.0,extra/structural_analysis/results/site_hazard/scbf_6_iv/,required_records_hz_14.txt,scbf_6_iv,14
275,0.5,7.081185,6.3874383,1.6232651,260.0,extra/structural_analysis/results/site_hazard/scbf_6_iv/,required_records_hz_15.txt,scbf_6_iv,15
276,0.5,7.089806,6.029695,1.7227705,260.0,extra/structural_analysis/results/site_hazard/scbf_6_iv/,required_records_hz_16.txt,scbf_6_iv,16
277,0.5,7.095807,5.779001,1.800269,260.0,extra/structural_analysis/results/site_hazard/scbf_6_iv/,required_records_hz_17.txt,scbf_6_iv,17
278,0.5,7.100209,5.5938916,1.862292,260.0,extra/structural_analysis/results/site_hazard/scbf_6_iv/,required_records_hz_18.txt,scbf_6_iv,18
279,0.5,7.1052413,5.380559,1.9395643,260.0,extra/structural_analysis/results/site_hazard/scbf_6_iv/,required_records_hz_19.txt,scbf_6_iv,19
280,0.5,7.1105337,5.1534333,2.0296707,260.0,extra/structural_analysis/results/site_hazard/scbf_6_iv/,required_records_hz_20.txt,scbf_6_iv,20
281,0.5,7.114306,4.9891505,2.1006553,260.0,extra/structural_analysis/results/site_hazard/scbf_6_iv/,required_records_hz_21.txt,scbf_6_iv,21
282,0.5,7.1170864,4.8663077,2.1573567,260.0,extra/structural_analysis/results/site_hazard/scbf_6_iv/,required_records_hz_22.txt,scbf_6_iv,22
283,0.5,7.119192,4.7720737,2.2031765,260.0,extra/structural_analysis/results/site_hazard/scbf_6_iv/,required_records_hz_23.txt,scbf_6_iv,23
284,0.5,7.1229305,4.6014447,2.2918704,260.0,extra/structural_analysis/results/site_hazard/scbf_6_iv/,required_records_hz_24.txt,scbf_6_iv,24
285,0.5,7.1257725,4.4680157,2.3670235,260.0,extra/structural_analysis/results/site_hazard/scbf_6_iv/,required_records_hz_25.txt,scbf_6_iv,25
286,0.5,7.1348715,4.001798,2.6819658,260.0,extra/structural_analysis/results/site_hazard/scbf_6_iv/,required_records_hz_26.txt,scbf_6_iv,26
287,0.5,7.1423316,3.4697917,3.2117364,260.0,extra/structural_analysis/results/site_hazard/scbf_6_iv/,required_records_hz_27.txt,scbf_6_iv,27
288,0.5,7.1435266,3.2123134,3.6166012,260.0,extra/structural_analysis/results/site_hazard/scbf_6_iv/,required_records_hz_28.txt,scbf_6_iv,28
289,0.5,7.143305,3.1468186,3.7533872,260.0,extra/structural_analysis/results/site_hazard/scbf_6_iv/,required_records_hz_29.txt,scbf_6_iv,29
290,0.75,6.247858,45.136467,-0.3565718,260.0,extra/structural_analysis/results/site_hazard/scbf_9_ii/,required_records_hz_1.txt,scbf_9_ii,1
291,0.75,6.601211,28.22232,0.0051185405,260.0,extra/structural_analysis/results/site_hazard/scbf_9_ii/,required_records_hz_2.txt,scbf_9_ii,2
292,0.75,6.782385,21.991953,0.22856997,260.0,extra/structural_analysis/results/site_hazard/scbf_9_ii/,required_records_hz_3.txt,scbf_9_ii,3
293,0.75,6.890027,18.211988,0.38277256,260.0,extra/structural_analysis/results/site_hazard/scbf_9_ii/,required_records_hz_4.txt,scbf_9_ii,4
294,0.75,6.9627876,15.372036,0.5128593,260.0,extra/structural_analysis/results/site_hazard/scbf_9_ii/,required_records_hz_5.txt,scbf_9_ii,5
295,0.75,7.009892,13.321918,0.62350655,260.0,extra/structural_analysis/results/site_hazard/scbf_9_ii/,required_records_hz_6.txt,scbf_9_ii,6
296,0.75,7.0471525,11.54277,0.740758,260.0,extra/structural_analysis/results/site_hazard/scbf_9_ii/,required_records_hz_7.txt,scbf_9_ii,7
297,0.75,7.0727534,10.22772,0.8480374,260.0,extra/structural_analysis/results/site_hazard/scbf_9_ii/,required_records_hz_8.txt,scbf_9_ii,8
298,0.75,7.090749,9.257493,0.94404024,260.0,extra/structural_analysis/results/site_hazard/scbf_9_ii/,required_records_hz_9.txt,scbf_9_ii,9
299,0.75,7.1066875,8.36997,1.0496627,260.0,extra/structural_analysis/results/site_hazard/scbf_9_ii/,required_records_hz_10.txt,scbf_9_ii,10
300,0.75,7.1179605,7.7302175,1.1401514,260.0,extra/structural_analysis/results/site_hazard/scbf_9_ii/,required_records_hz_11.txt,scbf_9_ii,11
301,0.75,7.127195,7.2020497,1.2268682,260.0,extra/structural_analysis/results/site_hazard/scbf_9_ii/,required_records_hz_12.txt,scbf_9_ii,12
302,0.75,7.136213,6.6862597,1.325154,260.0,extra/structural_analysis/results/site_hazard/scbf_9_ii/,required_records_hz_13.txt,scbf_9_ii,13
303,0.75,7.1422005,6.3457866,1.3993614,260.0,extra/structural_analysis/results/site_hazard/scbf_9_ii/,required_records_hz_14.txt,scbf_9_ii,14
304,0.75,7.147895,6.0249395,1.477768,260.0,extra/structural_analysis/results/site_hazard/scbf_9_ii/,required_records_hz_15.txt,scbf_9_ii,15
305,0.75,7.153868,5.6929297,1.5695709,260.0,extra/structural_analysis/results/site_hazard/scbf_9_ii/,required_records_hz_16.txt,scbf_9_ii,16
306,0.75,7.158085,5.4621444,1.6412101,260.0,extra/structural_analysis/results/site_hazard/scbf_9_ii/,required_records_hz_17.txt,scbf_9_ii,17
307,0.75,7.161218,5.292929,1.6986259,260.0,extra/structural_analysis/results/site_hazard/scbf_9_ii/,required_records_hz_18.txt,scbf_9_ii,18
308,0.75,7.1654243,5.069137,1.7820885,260.0,extra/structural_analysis/results/site_hazard/scbf_9_ii/,required_records_hz_19.txt,scbf_9_ii,19
309,0.75,7.1691117,4.876243,1.8622073,260.0,extra/structural_analysis/results/site_hazard/scbf_9_ii/,required_records_hz_20.txt,scbf_9_ii,20
310,0.75,7.1718063,4.737295,1.9255123,260.0,extra/structural_analysis/results/site_hazard/scbf_9_ii/,required_records_hz_21.txt,scbf_9_ii,21
311,0.75,7.1738334,4.633797,1.976195,260.0,extra/structural_analysis/results/site_hazard/scbf_9_ii/,required_records_hz_22.txt,scbf_9_ii,22
312,0.75,7.175699,4.5392447,2.0254729,260.0,extra/structural_analysis/results/site_hazard/scbf_9_ii/,required_records_hz_23.txt,scbf_9_ii,23
313,0.75,7.1785917,4.393816,2.1076055,260.0,extra/structural_analysis/results/site_hazard/scbf_9_ii/,required_records_hz_24.txt,scbf_9_ii,24
314,0.75,7.180726,4.287048,2.1735487,260.0,extra/structural_analysis/results/site_hazard/scbf_9_ii/,required_records_hz_25.txt,scbf_9_ii,25
315,0.75,7.1880426,3.9156141,2.453019,260.0,extra/structural_analysis/results/site_hazard/scbf_9_ii/,required_records_hz_26.txt,scbf_9_ii,26
316,0.75,7.1943254,3.500424,2.9211051,260.0,extra/structural_analysis/results/site_hazard/scbf_9_ii/,required_records_hz_27.txt,scbf_9_ii,27
317,0.75,7.193978,3.294119,3.276066,260.0,extra/structural_analysis/results/site_hazard/scbf_9_ii/,required_records_hz_28.txt,scbf_9_ii,28
318,0.75,7.188404,3.1357424,3.6610725,260.0,extra/structural_analysis/results/site_hazard/scbf_9_ii/,required_records_hz_29.txt,scbf_9_ii,29
319,0.75,6.247858,45.136467,-0.3565718,260.0,extra/structural_analysis/results/site_hazard/scbf_9_iv/,required_records_hz_1.txt,scbf_9_iv,1
320,0.75,6.601211,28.22232,0.0051185405,260.0,extra/structural_analysis/results/site_hazard/scbf_9_iv/,required_records_hz_2.txt,scbf_9_iv,2
321,0.75,6.782385,21.991953,0.22856997,260.0,extra/structural_analysis/results/site_hazard/scbf_9_iv/,required_records_hz_3.txt,scbf_9_iv,3
322,0.75,6.890027,18.211988,0.38277256,260.0,extra/structural_analysis/results/site_hazard/scbf_9_iv/,required_records_hz_4.txt,scbf_9_iv,4
323,0.75,6.9627876,15.372036,0.5128593,260.0,extra/structural_analysis/results/site_hazard/scbf_9_iv/,required_records_hz_5.txt,scbf_9_iv,5
324,0.75,7.009892,13.321918,0.62350655,260.0,extra/structural_analysis/results/site_hazard/scbf_9_iv/,required_records_hz_6.txt,scbf_9_iv,6
325,0.75,7.0471525,11.54277,0.740758,260.0,extra/structural_analysis/results/site_hazard/scbf_9_iv/,required_records_hz_7.txt,scbf_9_iv,7
326,0.75,7.0727534,10.22772,0.8480374,260.0,extra/structural_analysis/results/site_hazard/scbf_9_iv/,required_records_hz_8.txt,scbf_9_iv,8
327,0.75,7.090749,9.257493,0.94404024,260.0,extra/structural_analysis/results/site_hazard/scbf_9_iv/,required_records_hz_9.txt,scbf_9_iv,9
328,0.75,7.1066875,8.36997,1.0496627,260.0,extra/structural_analysis/results/site_hazard/scbf_9_iv/,required_records_hz_10.txt,scbf_9_iv,10
329,0.75,7.1179605,7.7302175,1.1401514,260.0,extra/structural_analysis/results/site_hazard/scbf_9_iv/,required_records_hz_11.txt,scbf_9_iv,11
330,0.75,7.127195,7.2020497,1.2268682,260.0,extra/structural_analysis/results/site_hazard/scbf_9_iv/,required_records_hz_12.txt,scbf_9_iv,12
331,0.75,7.136213,6.6862597,1.325154,260.0,extra/structural_analysis/results/site_hazard/scbf_9_iv/,required_records_hz_13.txt,scbf_9_iv,13
332,0.75,7.1422005,6.3457866,1.3993614,260.0,extra/structural_analysis/results/site_hazard/scbf_9_iv/,required_records_hz_14.txt,scbf_9_iv,14
333,0.75,7.147895,6.0249395,1.477768,260.0,extra/structural_analysis/results/site_hazard/scbf_9_iv/,required_records_hz_15.txt,scbf_9_iv,15
334,0.75,7.153868,5.6929297,1.5695709,260.0,extra/structural_analysis/results/site_hazard/scbf_9_iv/,required_records_hz_16.txt,scbf_9_iv,16
335,0.75,7.158085,5.4621444,1.6412101,260.0,extra/structural_analysis/results/site_hazard/scbf_9_iv/,required_records_hz_17.txt,scbf_9_iv,17
336,0.75,7.161218,5.292929,1.6986259,260.0,extra/structural_analysis/results/site_hazard/scbf_9_iv/,required_records_hz_18.txt,scbf_9_iv,18
337,0.75,7.1654243,5.069137,1.7820885,260.0,extra/structural_analysis/results/site_hazard/scbf_9_iv/,required_records_hz_19.txt,scbf_9_iv,19
338,0.75,7.1691117,4.876243,1.8622073,260.0,extra/structural_analysis/results/site_hazard/scbf_9_iv/,required_records_hz_20.txt,scbf_9_iv,20
339,0.75,7.1718063,4.737295,1.9255123,260.0,extra/structural_analysis/results/site_hazard/scbf_9_iv/,required_records_hz_21.txt,scbf_9_iv,21
340,0.75,7.1738334,4.633797,1.976195,260.0,extra/structural_analysis/results/site_hazard/scbf_9_iv/,required_records_hz_22.txt,scbf_9_iv,22
341,0.75,7.175699,4.5392447,2.0254729,260.0,extra/structural_analysis/results/site_hazard/scbf_9_iv/,required_records_hz_23.txt,scbf_9_iv,23
342,0.75,7.1785917,4.393816,2.1076055,260.0,extra/structural_analysis/results/site_hazard/scbf_9_iv/,required_records_hz_24.txt,scbf_9_iv,24
343,0.75,7.180726,4.287048,2.1735487,260.0,extra/structural_analysis/results/site_hazard/scbf_9_iv/,required_records_hz_25.txt,scbf_9_iv,25
344,0.75,7.1880426,3.9156141,2.453019,260.0,extra/structural_analysis/results/site_hazard/scbf_9_iv/,required_records_hz_26.txt,scbf_9_iv,26
345,0.75,7.1943254,3.500424,2.9211051,260.0,extra/structural_analysis/results/site_hazard/scbf_9_iv/,required_records_hz_27.txt,scbf_9_iv,27
346,0.75,7.193978,3.294119,3.276066,260.0,extra/structural_analysis/results/site_hazard/scbf_9_iv/,required_records_hz_28.txt,scbf_9_iv,28
347,0.75,7.188404,3.1357424,3.6610725,260.0,extra/structural_analysis/results/site_hazard/scbf_9_iv/,required_records_hz_29.txt,scbf_9_iv,29
348,0.5,6.186371,41.159878,-0.3833517,260.0,extra/structural_analysis/results/site_hazard/brbf_3_ii/,required_records_hz_1.txt,brbf_3_ii,1
349,0.5,6.513656,25.850988,0.04889513,260.0,extra/structural_analysis/results/site_hazard/brbf_3_ii/,required_records_hz_2.txt,brbf_3_ii,2
350,0.5,6.6827655,20.493635,0.30477813,260.0,extra/structural_analysis/results/site_hazard/brbf_3_ii/,required_records_hz_3.txt,brbf_3_ii,3
351,0.5,6.79181,17.082706,0.48776266,260.0,extra/structural_analysis/results/site_hazard/brbf_3_ii/,required_records_hz_4.txt,brbf_3_ii,4
352,0.5,6.864257,14.675897,0.631182,260.0,extra/structural_analysis/results/site_hazard/brbf_3_ii/,required_records_hz_5.txt,brbf_3_ii,5
353,0.5,6.9148703,12.891258,0.75393635,260.0,extra/structural_analysis/results/site_hazard/brbf_3_ii/,required_records_hz_6.txt,brbf_3_ii,6
354,0.5,6.952431,11.504309,0.866255,260.0,extra/structural_analysis/results/site_hazard/brbf_3_ii/,required_records_hz_7.txt,brbf_3_ii,7
355,0.5,6.984629,10.272626,0.98528177,260.0,extra/structural_analysis/results/site_hazard/brbf_3_ii/,required_records_hz_8.txt,brbf_3_ii,8
356,0.5,7.005325,9.461424,1.0777917,260.0,extra/structural_analysis/results/site_hazard/brbf_3_ii/,required_records_hz_9.txt,brbf_3_ii,9
357,0.5,7.0267487,8.60744,1.191865,260.0,extra/structural_analysis/results/site_hazard/brbf_3_ii/,required_records_hz_10.txt,brbf_3_ii,10
358,0.5,7.041073,8.029502,1.2817616,260.0,extra/structural_analysis/results/site_hazard/brbf_3_ii/,required_records_hz_11.txt,brbf_3_ii,11
359,0.5,7.053416,7.5277166,1.3704728,260.0,extra/structural_analysis/results/site_hazard/brbf_3_ii/,required_records_hz_12.txt,brbf_3_ii,12
360,0.5,7.065764,7.022618,1.4722768,260.0,extra/structural_analysis/results/site_hazard/brbf_3_ii/,required_records_hz_13.txt,brbf_3_ii,13
361,0.5,7.073994,6.6842766,1.5490673,260.0,extra/structural_analysis/results/site_hazard/brbf_3_ii/,required_records_hz_14.txt,brbf_3_ii,14
362,0.5,7.081185,6.3874383,1.6232651,260.0,extra/structural_analysis/results/site_hazard/brbf_3_ii/,required_records_hz_15.txt,brbf_3_ii,15
363,0.5,7.089806,6.029695,1.7227705,260.0,extra/structural_analysis/results/site_hazard/brbf_3_ii/,required_records_hz_16.txt,brbf_3_ii,16
364,0.5,7.095807,5.779001,1.800269,260.0,extra/structural_analysis/results/site_hazard/brbf_3_ii/,required_records_hz_17.txt,brbf_3_ii,17
365,0.5,7.100209,5.5938916,1.862292,260.0,extra/structural_analysis/results/site_hazard/brbf_3_ii/,required_records_hz_18.txt,brbf_3_ii,18
366,0.5,7.1052413,5.380559,1.9395643,260.0,extra/structural_analysis/results/site_hazard/brbf_3_ii/,required_records_hz_19.txt,brbf_3_ii,19
367,0.5,7.1105337,5.1534333,2.0296707,260.0,extra/structural_analysis/results/site_hazard/brbf_3_ii/,required_records_hz_20.txt,brbf_3_ii,20
368,0.5,7.114306,4.9891505,2.1006553,260.0,extra/structural_analysis/results/site_hazard/brbf_3_ii/,required_records_hz_21.txt,brbf_3_ii,21
369,0.5,7.1170864,4.8663077,2.1573567,260.0,extra/structural_analysis/results/site_hazard/brbf_3_ii/,required_records_hz_22.txt,brbf_3_ii,22
370,0.5,7.119192,4.7720737,2.2031765,260.0,extra/structural_analysis/results/site_hazard/brbf_3_ii/,required_records_hz_23.txt,brbf_3_ii,23
371,0.5,7.1229305,4.6014447,2.2918704,260.0,extra/structural_analysis/results/site_hazard/brbf_3_ii/,required_records_hz_24.txt,brbf_3_ii,24
372,0.5,7.1257725,4.4680157,2.3670235,260.0,extra/structural_analysis/results/site_hazard/brbf_3_ii/,required_records_hz_25.txt,brbf_3_ii,25
373,0.5,7.1348715,4.001798,2.6819658,260.0,extra/structural_analysis/results/site_hazard/brbf_3_ii/,required_records_hz_26.txt,brbf_3_ii,26
374,0.5,7.1423316,3.4697917,3.2117364,260.0,extra/structural_analysis/results/site_hazard/brbf_3_ii/,required_records_hz_27.txt,brbf_3_ii,27
375,0.5,7.1435266,3.2123134,3.6166012,260.0,extra/structural_analysis/results/site_hazard/brbf_3_ii/,required_records_hz_28.txt,brbf_3_ii,28
376,0.5,7.143305,3.1468186,3.7533872,260.0,extra/structural_analysis/results/site_hazard/brbf_3_ii/,required_records_hz_29.txt,brbf_3_ii,29
377,0.4,6.1537642,38.9429,-0.39125896,260.0,extra/structural_analysis/results/site_hazard/brbf_3_iv/,required_records_hz_1.txt,brbf_3_iv,1
378,0.4,6.459592,24.634253,0.09005998,260.0,extra/structural_analysis/results/site_hazard/brbf_3_iv/,required_records_hz_2.txt,brbf_3_iv,2
379,0.4,6.61766,19.659811,0.3724898,260.0,extra/structural_analysis/results/site_hazard/brbf_3_iv/,required_records_hz_3.txt,brbf_3_iv,3
380,0.4,6.714747,16.70356,0.5622113,260.0,extra/structural_analysis/results/site_hazard/brbf_3_iv/,required_records_hz_4.txt,brbf_3_iv,4
381,0.4,6.7852592,14.492348,0.7200229,260.0,extra/structural_analysis/results/site_hazard/brbf_3_iv/,required_records_hz_5.txt,brbf_3_iv,5
382,0.4,6.838482,12.765468,0.8617177,260.0,extra/structural_analysis/results/site_hazard/brbf_3_iv/,required_records_hz_6.txt,brbf_3_iv,6
383,0.4,6.876054,11.51359,0.9813888,260.0,extra/structural_analysis/results/site_hazard/brbf_3_iv/,required_records_hz_7.txt,brbf_3_iv,7
384,0.4,6.9068375,10.468329,1.0975869,260.0,extra/structural_analysis/results/site_hazard/brbf_3_iv/,required_records_hz_8.txt,brbf_3_iv,8
385,0.4,6.931481,9.619857,1.2069339,260.0,extra/structural_analysis/results/site_hazard/brbf_3_iv/,required_records_hz_9.txt,brbf_3_iv,9
386,0.4,6.9522624,8.89708,1.3141224,260.0,extra/structural_analysis/results/site_hazard/brbf_3_iv/,required_records_hz_10.txt,brbf_3_iv,10
387,0.4,6.965664,8.427728,1.3924155,260.0,extra/structural_analysis/results/site_hazard/brbf_3_iv/,required_records_hz_11.txt,brbf_3_iv,11
388,0.4,6.983385,7.803442,1.5096961,260.0,extra/structural_analysis/results/site_hazard/brbf_3_iv/,required_records_hz_12.txt,brbf_3_iv,12
389,0.4,6.9949555,7.3935895,1.596528,260.0,extra/structural_analysis/results/site_hazard/brbf_3_iv/,required_records_hz_13.txt,brbf_3_iv,13
390,0.4,7.0029655,7.108787,1.6623057,260.0,extra/structural_analysis/results/site_hazard/brbf_3_iv/,required_records_hz_14.txt,brbf_3_iv,14
391,0.4,7.0151424,6.6739936,1.7727573,260.0,extra/structural_analysis/results/site_hazard/brbf_3_iv/,required_records_hz_15.txt,brbf_3_iv,15
392,0.4,7.0235767,6.3713775,1.8579066,260.0,extra/structural_analysis/results/site_hazard/brbf_3_iv/,required_records_hz_16.txt,brbf_3_iv,16
393,0.4,7.0296736,6.1517916,1.9245902,260.0,extra/structural_analysis/results/site_hazard/brbf_3_iv/,required_records_hz_17.txt,brbf_3_iv,17
394,0.4,7.035925,5.925809,1.9980485,260.0,extra/structural_analysis/results/site_hazard/brbf_3_iv/,required_records_hz_18.txt,brbf_3_iv,18
395,0.4,7.043641,5.6456137,2.096808,260.0,extra/structural_analysis/results/site_hazard/brbf_3_iv/,required_records_hz_19.txt,brbf_3_iv,19
396,0.4,7.0491724,5.4438195,2.1739001,260.0,extra/structural_analysis/results/site_hazard/brbf_3_iv/,required_records_hz_20.txt,brbf_3_iv,20
397,0.4,7.0532794,5.293447,2.2350082,260.0,extra/structural_analysis/results/site_hazard/brbf_3_iv/,required_records_hz_21.txt,brbf_3_iv,21
398,0.4,7.0564113,5.1784453,2.284063,260.0,extra/structural_analysis/results/site_hazard/brbf_3_iv/,required_records_hz_22.txt,brbf_3_iv,22
399,0.4,7.062228,4.9641333,2.381453,260.0,extra/structural_analysis/results/site_hazard/brbf_3_iv/,required_records_hz_23.txt,brbf_3_iv,23
400,0.4,7.066577,4.803275,2.460309,260.0,extra/structural_analysis/results/site_hazard/brbf_3_iv/,required_records_hz_24.txt,brbf_3_iv,24
401,0.4,7.0698676,4.681227,2.5238976,260.0,extra/structural_analysis/results/site_hazard/brbf_3_iv/,required_records_hz_25.txt,brbf_3_iv,25
402,0.4,7.0846214,4.130825,2.863953,260.0,extra/structural_analysis/results/site_hazard/brbf_3_iv/,required_records_hz_26.txt,brbf_3_iv,26
403,0.4,7.1012845,3.4952786,3.4619033,260.0,extra/structural_analysis/results/site_hazard/brbf_3_iv/,required_records_hz_27.txt,brbf_3_iv,27
404,0.4,7.106421,3.2744997,3.7970083,260.0,extra/structural_analysis/results/site_hazard/brbf_3_iv/,required_records_hz_28.txt,brbf_3_iv,28
405,0.4,7.1074824,3.2200792,3.9018097,260.0,extra/structural_analysis/results/site_hazard/brbf_3_iv/,required_records_hz_29.txt,brbf_3_iv,29
406,0.75,6.247858,45.136467,-0.3565718,260.0,extra/structural_analysis/results/site_hazard/brbf_6_ii/,required_records_hz_1.txt,brbf_6_ii,1
407,0.75,6.601211,28.22232,0.0051185405,260.0,extra/structural_analysis/results/site_hazard/brbf_6_ii/,required_records_hz_2.txt,brbf_6_ii,2
408,0.75,6.782385,21.991953,0.22856997,260.0,extra/structural_analysis/results/site_hazard/brbf_6_ii/,required_records_hz_3.txt,brbf_6_ii,3
409,0.75,6.890027,18.211988,0.38277256,260.0,extra/structural_analysis/results/site_hazard/brbf_6_ii/,required_records_hz_4.txt,brbf_6_ii,4
410,0.75,6.9627876,15.372036,0.5128593,260.0,extra/structural_analysis/results/site_hazard/brbf_6_ii/,required_records_hz_5.txt,brbf_6_ii,5
411,0.75,7.009892,13.321918,0.62350655,260.0,extra/structural_analysis/results/site_hazard/brbf_6_ii/,required_records_hz_6.txt,brbf_6_ii,6
412,0.75,7.0471525,11.54277,0.740758,260.0,extra/structural_analysis/results/site_hazard/brbf_6_ii/,required_records_hz_7.txt,brbf_6_ii,7
413,0.75,7.0727534,10.22772,0.8480374,260.0,extra/structural_analysis/results/site_hazard/brbf_6_ii/,required_records_hz_8.txt,brbf_6_ii,8
414,0.75,7.090749,9.257493,0.94404024,260.0,extra/structural_analysis/results/site_hazard/brbf_6_ii/,required_records_hz_9.txt,brbf_6_ii,9
415,0.75,7.1066875,8.36997,1.0496627,260.0,extra/structural_analysis/results/site_hazard/brbf_6_ii/,required_records_hz_10.txt,brbf_6_ii,10
416,0.75,7.1179605,7.7302175,1.1401514,260.0,extra/structural_analysis/results/site_hazard/brbf_6_ii/,required_records_hz_11.txt,brbf_6_ii,11
417,0.75,7.127195,7.2020497,1.2268682,260.0,extra/structural_analysis/results/site_hazard/brbf_6_ii/,required_records_hz_12.txt,brbf_6_ii,12
418,0.75,7.136213,6.6862597,1.325154,260.0,extra/structural_analysis/results/site_hazard/brbf_6_ii/,required_records_hz_13.txt,brbf_6_ii,13
419,0.75,7.1422005,6.3457866,1.3993614,260.0,extra/structural_analysis/results/site_hazard/brbf_6_ii/,required_records_hz_14.txt,brbf_6_ii,14
420,0.75,7.147895,6.0249395,1.477768,260.0,extra/structural_analysis/results/site_hazard/brbf_6_ii/,required_records_hz_15.txt,brbf_6_ii,15
421,0.75,7.153868,5.6929297,1.5695709,260.0,extra/structural_analysis/results/site_hazard/brbf_6_ii/,required_records_hz_16.txt,brbf_6_ii,16
422,0.75,7.158085,5.4621444,1.6412101,260.0,extra/structural_analysis/results/site_hazard/brbf_6_ii/,required_records_hz_17.txt,brbf_6_ii,17
423,0.75,7.161218,5.292929,1.6986259,260.0,extra/structural_analysis/results/site_hazard/brbf_6_ii/,required_records_hz_18.txt,brbf_6_ii,18
424,0.75,7.1654243,5.069137,1.7820885,260.0,extra/structural_analysis/results/site_hazard/brbf_6_ii/,required_records_hz_19.txt,brbf_6_ii,19
425,0.75,7.1691117,4.876243,1.8622073,260.0,extra/structural_analysis/results/site_hazard/brbf_6_ii/,required_records_hz_20.txt,brbf_6_ii,20
426,0.75,7.1718063,4.737295,1.9255123,260.0,extra/structural_analysis/results/site_hazard/brbf_6_ii/,required_records_hz_21.txt,brbf_6_ii,21
427,0.75,7.1738334,4.633797,1.976195,260.0,extra/structural_analysis/results/site_hazard/brbf_6_ii/,required_records_hz_22.txt,brbf_6_ii,22
428,0.75,7.175699,4.5392447,2.0254729,260.0,extra/structural_analysis/results/site_hazard/brbf_6_ii/,required_records_hz_23.txt,brbf_6_ii,23
429,0.75,7.1785917,4.393816,2.1076055,260.0,extra/structural_analysis/results/site_hazard/brbf_6_ii/,required_records_hz_24.txt,brbf_6_ii,24
430,0.75,7.180726,4.287048,2.1735487,260.0,extra/structural_analysis/results/site_hazard/brbf_6_ii/,required_records_hz_25.txt,brbf_6_ii,25
431,0.75,7.1880426,3.9156141,2.453019,260.0,extra/structural_analysis/results/site_hazard/brbf_6_ii/,required_records_hz_26.txt,brbf_6_ii,26
432,0.75,7.1943254,3.500424,2.9211051,260.0,extra/structural_analysis/results/site_hazard/brbf_6_ii/,required_records_hz_27.txt,brbf_6_ii,27
433,0.75,7.193978,3.294119,3.276066,260.0,extra/structural_analysis/results/site_hazard/brbf_6_ii/,required_records_hz_28.txt,brbf_6_ii,28
434,0.75,7.188404,3.1357424,3.6610725,260.0,extra/structural_analysis/results/site_hazard/brbf_6_ii/,required_records_hz_29.txt,brbf_6_ii,29
435,0.5,6.186371,41.159878,-0.3833517,260.0,extra/structural_analysis/results/site_hazard/brbf_6_iv/,required_records_hz_1.txt,brbf_6_iv,1
436,0.5,6.513656,25.850988,0.04889513,260.0,extra/structural_analysis/results/site_hazard/brbf_6_iv/,required_records_hz_2.txt,brbf_6_iv,2
437,0.5,6.6827655,20.493635,0.30477813,260.0,extra/structural_analysis/results/site_hazard/brbf_6_iv/,required_records_hz_3.txt,brbf_6_iv,3
438,0.5,6.79181,17.082706,0.48776266,260.0,extra/structural_analysis/results/site_hazard/brbf_6_iv/,required_records_hz_4.txt,brbf_6_iv,4
439,0.5,6.864257,14.675897,0.631182,260.0,extra/structural_analysis/results/site_hazard/brbf_6_iv/,required_records_hz_5.txt,brbf_6_iv,5
440,0.5,6.9148703,12.891258,0.75393635,260.0,extra/structural_analysis/results/site_hazard/brbf_6_iv/,required_records_hz_6.txt,brbf_6_iv,6
441,0.5,6.952431,11.504309,0.866255,260.0,extra/structural_analysis/results/site_hazard/brbf_6_iv/,required_records_hz_7.txt,brbf_6_iv,7
442,0.5,6.984629,10.272626,0.98528177,260.0,extra/structural_analysis/results/site_hazard/brbf_6_iv/,required_records_hz_8.txt,brbf_6_iv,8
443,0.5,7.005325,9.461424,1.0777917,260.0,extra/structural_analysis/results/site_hazard/brbf_6_iv/,required_records_hz_9.txt,brbf_6_iv,9
444,0.5,7.0267487,8.60744,1.191865,260.0,extra/structural_analysis/results/site_hazard/brbf_6_iv/,required_records_hz_10.txt,brbf_6_iv,10
445,0.5,7.041073,8.029502,1.2817616,260.0,extra/structural_analysis/results/site_hazard/brbf_6_iv/,required_records_hz_11.txt,brbf_6_iv,11
446,0.5,7.053416,7.5277166,1.3704728,260.0,extra/structural_analysis/results/site_hazard/brbf_6_iv/,required_records_hz_12.txt,brbf_6_iv,12
447,0.5,7.065764,7.022618,1.4722768,260.0,extra/structural_analysis/results/site_hazard/brbf_6_iv/,required_records_hz_13.txt,brbf_6_iv,13
448,0.5,7.073994,6.6842766,1.5490673,260.0,extra/structural_analysis/results/site_hazard/brbf_6_iv/,required_records_hz_14.txt,brbf_6_iv,14
449,0.5,7.081185,6.3874383,1.6232651,260.0,extra/structural_analysis/results/site_hazard/brbf_6_iv/,required_records_hz_15.txt,brbf_6_iv,15
450,0.5,7.089806,6.029695,1.7227705,260.0,extra/structural_analysis/results/site_hazard/brbf_6_iv/,required_records_hz_16.txt,brbf_6_iv,16
451,0.5,7.095807,5.779001,1.800269,260.0,extra/structural_analysis/results/site_hazard/brbf_6_iv/,required_records_hz_17.txt,brbf_6_iv,17
452,0.5,7.100209,5.5938916,1.862292,260.0,extra/structural_analysis/results/site_hazard/brbf_6_iv/,required_records_hz_18.txt,brbf_6_iv,18
453,0.5,7.1052413,5.380559,1.9395643,260.0,extra/structural_analysis/results/site_hazard/brbf_6_iv/,required_records_hz_19.txt,brbf_6_iv,19
454,0.5,7.1105337,5.1534333,2.0296707,260.0,extra/structural_analysis/results/site_hazard/brbf_6_iv/,required_records_hz_20.txt,brbf_6_iv,20
455,0.5,7.114306,4.9891505,2.1006553,260.0,extra/structural_analysis/results/site_hazard/brbf_6_iv/,required_records_hz_21.txt,brbf_6_iv,21
456,0.5,7.1170864,4.8663077,2.1573567,260.0,extra/structural_analysis/results/site_hazard/brbf_6_iv/,required_records_hz_22.txt,brbf_6_iv,22
457,0.5,7.119192,4.7720737,2.2031765,260.0,extra/structural_analysis/results/site_hazard/brbf_6_iv/,required_records_hz_23.txt,brbf_6_iv,23
458,0.5,7.1229305,4.6014447,2.2918704,260.0,extra/structural_analysis/results/site_hazard/brbf_6_iv/,required_records_hz_24.txt,brbf_6_iv,24
459,0.5,7.1257725,4.4680157,2.3670235,260.0,extra/structural_analysis/results/site_hazard/brbf_6_iv/,required_records_hz_25.txt,brbf_6_iv,25
460,0.5,7.1348715,4.001798,2.6819658,260.0,extra/structural_analysis/results/site_hazard/brbf_6_iv/,required_records_hz_26.txt,brbf_6_iv,26
461,0.5,7.1423316,3.4697917,3.2117364,260.0,extra/structural_analysis/results/site_hazard/brbf_6_iv/,required_records_hz_27.txt,brbf_6_iv,27
462,0.5,7.1435266,3.2123134,3.6166012,260.0,extra/structural_analysis/results/site_hazard/brbf_6_iv/,required_records_hz_28.txt,brbf_6_iv,28
463,0.5,7.143305,3.1468186,3.7533872,260.0,extra/structural_analysis/results/site_hazard/brbf_6_iv/,required_records_hz_29.txt,brbf_6_iv,29
464,1.0,6.2840405,47.616203,-0.38530666,260.0,extra/structural_analysis/results/site_hazard/brbf_9_ii/,required_records_hz_1.txt,brbf_9_ii,1
465,1.0,6.6582394,29.656725,-0.06127134,260.0,extra/structural_analysis/results/site_hazard/brbf_9_ii/,required_records_hz_2.txt,brbf_9_ii,2
466,1.0,6.8488994,22.78023,0.14843123,260.0,extra/structural_analysis/results/site_hazard/brbf_9_ii/,required_records_hz_3.txt,brbf_9_ii,3
467,1.0,6.9565387,18.671396,0.29436272,260.0,extra/structural_analysis/results/site_hazard/brbf_9_ii/,required_records_hz_4.txt,brbf_9_ii,4
468,1.0,7.025145,15.629733,0.41778794,260.0,extra/structural_analysis/results/site_hazard/brbf_9_ii/,required_records_hz_5.txt,brbf_9_ii,5
469,1.0,7.0697284,13.317596,0.53073955,260.0,extra/structural_analysis/results/site_hazard/brbf_9_ii/,required_records_hz_6.txt,brbf_9_ii,6
470,1.0,7.101468,11.430103,0.6460646,260.0,extra/structural_analysis/results/site_hazard/brbf_9_ii/,required_records_hz_7.txt,brbf_9_ii,7
471,1.0,7.1229367,10.010144,0.7556245,260.0,extra/structural_analysis/results/site_hazard/brbf_9_ii/,required_records_hz_8.txt,brbf_9_ii,8
472,1.0,7.1369057,9.020727,0.8495902,260.0,extra/structural_analysis/results/site_hazard/brbf_9_ii/,required_records_hz_9.txt,brbf_9_ii,9
473,1.0,7.1500278,8.051598,0.9620279,260.0,extra/structural_analysis/results/site_hazard/brbf_9_ii/,required_records_hz_10.txt,brbf_9_ii,10
474,1.0,7.158171,7.4388885,1.04748,260.0,extra/structural_analysis/results/site_hazard/brbf_9_ii/,required_records_hz_11.txt,brbf_9_ii,11
475,1.0,7.166499,6.813265,1.150438,260.0,extra/structural_analysis/results/site_hazard/brbf_9_ii/,required_records_hz_12.txt,brbf_9_ii,12
476,1.0,7.172695,6.3557615,1.2389464,260.0,extra/structural_analysis/results/site_hazard/brbf_9_ii/,required_records_hz_13.txt,brbf_9_ii,13
477,1.0,7.1770773,6.0401835,1.3083658,260.0,extra/structural_analysis/results/site_hazard/brbf_9_ii/,required_records_hz_14.txt,brbf_9_ii,14
478,1.0,7.182929,5.633722,1.4105881,260.0,extra/structural_analysis/results/site_hazard/brbf_9_ii/,required_records_hz_15.txt,brbf_9_ii,15
479,1.0,7.187009,5.363282,1.488617,260.0,extra/structural_analysis/results/site_hazard/brbf_9_ii/,required_records_hz_16.txt,brbf_9_ii,16
480,1.0,7.190013,5.172165,1.5497454,260.0,extra/structural_analysis/results/site_hazard/brbf_9_ii/,required_records_hz_17.txt,brbf_9_ii,17
481,1.0,7.1939945,4.930449,1.6356902,260.0,extra/structural_analysis/results/site_hazard/brbf_9_ii/,required_records_hz_18.txt,brbf_9_ii,18
482,1.0,7.1975493,4.7266755,1.7172453,260.0,extra/structural_analysis/results/site_hazard/brbf_9_ii/,required_records_hz_19.txt,brbf_9_ii,19
483,1.0,7.2002034,4.5822806,1.7811631,260.0,extra/structural_analysis/results/site_hazard/brbf_9_ii/,required_records_hz_20.txt,brbf_9_ii,20
484,1.0,7.202239,4.4761157,1.8319768,260.0,extra/structural_analysis/results/site_hazard/brbf_9_ii/,required_records_hz_21.txt,brbf_9_ii,21
485,1.0,7.204977,4.33965,1.902826,260.0,extra/structural_analysis/results/site_hazard/brbf_9_ii/,required_records_hz_22.txt,brbf_9_ii,22
486,1.0,7.2077923,4.206916,1.9787425,260.0,extra/structural_analysis/results/site_hazard/brbf_9_ii/,required_records_hz_23.txt,brbf_9_ii,23
487,1.0,7.209964,4.109711,2.039513,260.0,extra/structural_analysis/results/site_hazard/brbf_9_ii/,required_records_hz_24.txt,brbf_9_ii,24
488,1.0,7.211673,4.036319,2.088758,260.0,extra/structural_analysis/results/site_hazard/brbf_9_ii/,required_records_hz_25.txt,brbf_9_ii,25
489,1.0,7.220758,3.6894186,2.3743517,260.0,extra/structural_analysis/results/site_hazard/brbf_9_ii/,required_records_hz_26.txt,brbf_9_ii,26
490,1.0,7.2319427,3.3457901,2.8071866,260.0,extra/structural_analysis/results/site_hazard/brbf_9_ii/,required_records_hz_27.txt,brbf_9_ii,27
491,1.0,7.238514,3.1671498,3.1604166,260.0,extra/structural_analysis/results/site_hazard/brbf_9_ii/,required_records_hz_28.txt,brbf_9_ii,28
492,1.0,7.242547,3.0293334,3.5709658,260.0,extra/structural_analysis/results/site_hazard/brbf_9_ii/,required_records_hz_29.txt,brbf_9_ii,29
493,0.75,6.247858,45.136467,-0.3565718,260.0,extra/structural_analysis/results/site_hazard/brbf_9_iv/,required_records_hz_1.txt,brbf_9_iv,1
494,0.75,6.601211,28.22232,0.0051185405,260.0,extra/structural_analysis/results/site_hazard/brbf_9_iv/,required_records_hz_2.txt,brbf_9_iv,2
495,0.75,6.782385,21.991953,0.22856997,260.0,extra/structural_analysis/results/site_hazard/brbf_9_iv/,required_records_hz_3.txt,brbf_9_iv,3
496,0.75,6.890027,18.211988,0.38277256,260.0,extra/structural_analysis/results/site_hazard/brbf_9_iv/,required_records_hz_4.txt,brbf_9_iv,4
497,0.75,6.9627876,15.372036,0.5128593,260.0,extra/structural_analysis/results/site_hazard/brbf_9_iv/,required_records_hz_5.txt,brbf_9_iv,5
498,0.75,7.009892,13.321918,0.62350655,260.0,extra/structural_analysis/results/site_hazard/brbf_9_iv/,required_records_hz_6.txt,brbf_9_iv,6
499,0.75,7.0471525,11.54277,0.740758,260.0,extra/structural_analysis/results/site_hazard/brbf_9_iv/,required_records_hz_7.txt,brbf_9_iv,7
500,0.75,7.0727534,10.22772,0.8480374,260.0,extra/structural_analysis/results/site_hazard/brbf_9_iv/,required_records_hz_8.txt,brbf_9_iv,8
501,0.75,7.090749,9.257493,0.94404024,260.0,extra/structural_analysis/results/site_hazard/brbf_9_iv/,required_records_hz_9.txt,brbf_9_iv,9
502,0.75,7.1066875,8.36997,1.0496627,260.0,extra/structural_analysis/results/site_hazard/brbf_9_iv/,required_records_hz_10.txt,brbf_9_iv,10
503,0.75,7.1179605,7.7302175,1.1401514,260.0,extra/structural_analysis/results/site_hazard/brbf_9_iv/,required_records_hz_11.txt,brbf_9_iv,11
504,0.75,7.127195,7.2020497,1.2268682,260.0,extra/structural_analysis/results/site_hazard/brbf_9_iv/,required_records_hz_12.txt,brbf_9_iv,12
505,0.75,7.136213,6.6862597,1.325154,260.0,extra/structural_analysis/results/site_hazard/brbf_9_iv/,required_records_hz_13.txt,brbf_9_iv,13
506,0.75,7.1422005,6.3457866,1.3993614,260.0,extra/structural_analysis/results/site_hazard/brbf_9_iv/,required_records_hz_14.txt,brbf_9_iv,14
507,0.75,7.147895,6.0249395,1.477768,260.0,extra/structural_analysis/results/site_hazard/brbf_9_iv/,required_records_hz_15.txt,brbf_9_iv,15
508,0.75,7.153868,5.6929297,1.5695709,260.0,extra/structural_analysis/results/site_hazard/brbf_9_iv/,required_records_hz_16.txt,brbf_9_iv,16
509,0.75,7.158085,5.4621444,1.6412101,260.0,extra/structural_analysis/results/site_hazard/brbf_9_iv/,required_records_hz_17.txt,brbf_9_iv,17
510,0.75,7.161218,5.292929,1.6986259,260.0,extra/structural_analysis/results/site_hazard/brbf_9_iv/,required_records_hz_18.txt,brbf_9_iv,18
511,0.75,7.1654243,5.069137,1.7820885,260.0,extra/structural_analysis/results/site_hazard/brbf_9_iv/,required_records_hz_19.txt,brbf_9_iv,19
512,0.75,7.1691117,4.876243,1.8622073,260.0,extra/structural_analysis/results/site_hazard/brbf_9_iv/,required_records_hz_20.txt,brbf_9_iv,20
513,0.75,7.1718063,4.737295,1.9255123,260.0,extra/structural_analysis/results/site_hazard/brbf_9_iv/,required_records_hz_21.txt,brbf_9_iv,21
514,0.75,7.1738334,4.633797,1.976195,260.0,extra/structural_analysis/results/site_hazard/brbf_9_iv/,required_records_hz_22.txt,brbf_9_iv,22
515,0.75,7.175699,4.5392447,2.0254729,260.0,extra/structural_analysis/results/site_hazard/brbf_9_iv/,required_records_hz_23.txt,brbf_9_iv,23
516,0.75,7.1785917,4.393816,2.1076055,260.0,extra/structural_analysis/results/site_hazard/brbf_9_iv/,required_records_hz_24.txt,brbf_9_iv,24
517,0.75,7.180726,4.287048,2.1735487,260.0,extra/structural_analysis/results/site_hazard/brbf_9_iv/,required_records_hz_25.txt,brbf_9_iv,25
518,0.75,7.1880426,3.9156141,2.453019,260.0,extra/structural_analysis/results/site_hazard/brbf_9_iv/,required_records_hz_26.txt,brbf_9_iv,26
519,0.75,7.1943254,3.500424,2.9211051,260.0,extra/structural_analysis/results/site_hazard/brbf_9_iv/,required_records_hz_27.txt,brbf_9_iv,27
520,0.75,7.193978,3.294119,3.276066,260.0,extra/structural_analysis/results/site_hazard/brbf_9_iv/,required_records_hz_28.txt,brbf_9_iv,28
521,0.75,7.188404,3.1357424,3.6610725,260.0,extra/structural_analysis/results/site_hazard/brbf_9_iv/,required_records_hz_29.txt,brbf_9_iv,29
